url_from,url_to
https://www.data-blogger.com/,https://www.data-blogger.com/
https://www.data-blogger.com/,https://www.data-blogger.com/write-for-us/
https://www.data-blogger.com/,https://www.data-blogger.com/category/do-it-yourself/
https://www.data-blogger.com/,https://www.data-blogger.com/category/technology/
https://www.data-blogger.com/,https://www.data-blogger.com/category/web-technology/
https://www.data-blogger.com/,https://www.data-blogger.com/category/data-science/
https://www.data-blogger.com/,https://www.data-blogger.com/category/software-science/
https://www.data-blogger.com/,https://www.data-blogger.com/category/mathematics/
https://www.data-blogger.com/,https://www.data-blogger.com/category/personal-projects/
https://www.data-blogger.com/,https://www.data-blogger.com/nl/
https://www.data-blogger.com/,https://www.data-blogger.com/zh/
https://www.data-blogger.com/,https://www.data-blogger.com/2019/08/23/the-future-of-data-blogger/
https://www.data-blogger.com/,https://www.data-blogger.com/author/admin/
https://www.data-blogger.com/,https://www.addtoany.com/add_to/flipboard?linkname=The+Future+of+Data+Blogger&linkurl=https%3A%2F%2Fwww.data-blogger.com%2F2019%2F08%2F23%2Fthe-future-of-data-blogger%2F
https://www.data-blogger.com/,https://www.addtoany.com/add_to/linkedin?linkname=The+Future+of+Data+Blogger&linkurl=https%3A%2F%2Fwww.data-blogger.com%2F2019%2F08%2F23%2Fthe-future-of-data-blogger%2F
https://www.data-blogger.com/,https://www.addtoany.com/add_to/twitter?linkname=The+Future+of+Data+Blogger&linkurl=https%3A%2F%2Fwww.data-blogger.com%2F2019%2F08%2F23%2Fthe-future-of-data-blogger%2F
https://www.data-blogger.com/,https://www.addtoany.com/add_to/copy_link?linkname=The+Future+of+Data+Blogger&linkurl=https%3A%2F%2Fwww.data-blogger.com%2F2019%2F08%2F23%2Fthe-future-of-data-blogger%2F
https://www.data-blogger.com/,https://www.data-blogger.com/2018/10/05/proof-that-1-7-is-a-repeated-decimal/
https://www.data-blogger.com/,https://www.addtoany.com/add_to/flipboard?linkname=Proof+that+1%2F7+is+a+repeated+decimal&linkurl=https%3A%2F%2Fwww.data-blogger.com%2F2018%2F10%2F05%2Fproof-that-1-7-is-a-repeated-decimal%2F
https://www.data-blogger.com/,https://www.addtoany.com/add_to/linkedin?linkname=Proof+that+1%2F7+is+a+repeated+decimal&linkurl=https%3A%2F%2Fwww.data-blogger.com%2F2018%2F10%2F05%2Fproof-that-1-7-is-a-repeated-decimal%2F
https://www.data-blogger.com/,https://www.addtoany.com/add_to/twitter?linkname=Proof+that+1%2F7+is+a+repeated+decimal&linkurl=https%3A%2F%2Fwww.data-blogger.com%2F2018%2F10%2F05%2Fproof-that-1-7-is-a-repeated-decimal%2F
https://www.data-blogger.com/,https://www.addtoany.com/add_to/copy_link?linkname=Proof+that+1%2F7+is+a+repeated+decimal&linkurl=https%3A%2F%2Fwww.data-blogger.com%2F2018%2F10%2F05%2Fproof-that-1-7-is-a-repeated-decimal%2F
https://www.data-blogger.com/,https://www.data-blogger.com/2018/08/05/scale-out-your-pandas-dataframe-operations-using-dask/
https://www.data-blogger.com/,https://www.addtoany.com/add_to/flipboard?linkname=Scale+out+your+Pandas+DataFrame+operations+using+Dask&linkurl=https%3A%2F%2Fwww.data-blogger.com%2F2018%2F08%2F05%2Fscale-out-your-pandas-dataframe-operations-using-dask%2F
https://www.data-blogger.com/,https://www.addtoany.com/add_to/linkedin?linkname=Scale+out+your+Pandas+DataFrame+operations+using+Dask&linkurl=https%3A%2F%2Fwww.data-blogger.com%2F2018%2F08%2F05%2Fscale-out-your-pandas-dataframe-operations-using-dask%2F
https://www.data-blogger.com/,https://www.addtoany.com/add_to/twitter?linkname=Scale+out+your+Pandas+DataFrame+operations+using+Dask&linkurl=https%3A%2F%2Fwww.data-blogger.com%2F2018%2F08%2F05%2Fscale-out-your-pandas-dataframe-operations-using-dask%2F
https://www.data-blogger.com/,https://www.addtoany.com/add_to/copy_link?linkname=Scale+out+your+Pandas+DataFrame+operations+using+Dask&linkurl=https%3A%2F%2Fwww.data-blogger.com%2F2018%2F08%2F05%2Fscale-out-your-pandas-dataframe-operations-using-dask%2F
https://www.data-blogger.com/,https://www.data-blogger.com/2018/08/01/15-books-every-college-student-needs-to-read-before-graduating/
https://www.data-blogger.com/,https://www.data-blogger.com/author/writer_olaila/
https://www.data-blogger.com/,https://www.addtoany.com/add_to/flipboard?linkname=15+Books+Every+College+Student+Needs+to+Read+before+Graduating&linkurl=https%3A%2F%2Fwww.data-blogger.com%2F2018%2F08%2F01%2F15-books-every-college-student-needs-to-read-before-graduating%2F
https://www.data-blogger.com/,https://www.addtoany.com/add_to/linkedin?linkname=15+Books+Every+College+Student+Needs+to+Read+before+Graduating&linkurl=https%3A%2F%2Fwww.data-blogger.com%2F2018%2F08%2F01%2F15-books-every-college-student-needs-to-read-before-graduating%2F
https://www.data-blogger.com/,https://www.addtoany.com/add_to/twitter?linkname=15+Books+Every+College+Student+Needs+to+Read+before+Graduating&linkurl=https%3A%2F%2Fwww.data-blogger.com%2F2018%2F08%2F01%2F15-books-every-college-student-needs-to-read-before-graduating%2F
https://www.data-blogger.com/,https://www.addtoany.com/add_to/copy_link?linkname=15+Books+Every+College+Student+Needs+to+Read+before+Graduating&linkurl=https%3A%2F%2Fwww.data-blogger.com%2F2018%2F08%2F01%2F15-books-every-college-student-needs-to-read-before-graduating%2F
https://www.data-blogger.com/,https://www.data-blogger.com/2018/07/16/should-you-start-learning-python-in-2018-guide/
https://www.data-blogger.com/,https://www.data-blogger.com/author/writer_shubham/
https://www.data-blogger.com/,https://www.addtoany.com/add_to/flipboard?linkname=Should+you+Start+Learning+Python+in+2018+%28Guide%29&linkurl=https%3A%2F%2Fwww.data-blogger.com%2F2018%2F07%2F16%2Fshould-you-start-learning-python-in-2018-guide%2F
https://www.data-blogger.com/,https://www.addtoany.com/add_to/linkedin?linkname=Should+you+Start+Learning+Python+in+2018+%28Guide%29&linkurl=https%3A%2F%2Fwww.data-blogger.com%2F2018%2F07%2F16%2Fshould-you-start-learning-python-in-2018-guide%2F
https://www.data-blogger.com/,https://www.addtoany.com/add_to/twitter?linkname=Should+you+Start+Learning+Python+in+2018+%28Guide%29&linkurl=https%3A%2F%2Fwww.data-blogger.com%2F2018%2F07%2F16%2Fshould-you-start-learning-python-in-2018-guide%2F
https://www.data-blogger.com/,https://www.addtoany.com/add_to/copy_link?linkname=Should+you+Start+Learning+Python+in+2018+%28Guide%29&linkurl=https%3A%2F%2Fwww.data-blogger.com%2F2018%2F07%2F16%2Fshould-you-start-learning-python-in-2018-guide%2F
https://www.data-blogger.com/,https://www.data-blogger.com/page/2/
https://www.data-blogger.com/,https://www.data-blogger.com/2018/02/15/creating-neural-networks-chainer/
https://www.data-blogger.com/,https://www.data-blogger.com/category/services/
https://www.data-blogger.com/,https://www.data-blogger.com/category/book-review/
https://www.data-blogger.com/,https://www.data-blogger.com/category/cryptocurrencies/
https://www.data-blogger.com/,https://www.data-blogger.com/category/security/
https://www.data-blogger.com/,https://www.data-blogger.com/category/uncategorized/
